9781634429184,2019-02-26
9781634429368,2019-03-12
9781634429948,2023-02-07
9781642730043,2018-11-20
9781642730050,2018-09-18
9781642730128,2019-02-19
9781642730159,2019-06-25
9781642730166,2019-04-16
9781642730173,2019-05-28
9781642730289,2019-09-17
9781642730302,2019-08-13
9781642730319,2019-10-15
9781642730326,2020-01-14
9781642730333,2019-12-10
9781642730340,2019-11-12
9781642730524,2020-04-16
9781642730562,2020-02-25
9781642730579,2020-06-16
9781642730586,2020-07-21
9781642730609,2020-05-19
9781642730616,2020-06-23
9781642730623,2020-05-26
9781642730760,2020-10-14
9781642730777,2020-12-09
9781642730784,2020-11-04
9781642730791,2021-01-12
9781642730807,2020-09-08
9781642730814,2020-12-16
9781642730852,2020-10-28
9781642731026,2021-05-11
9781642731033,2021-04-13
9781642731071,2021-02-09
9781642731088,2021-03-16
9781642731095,2021-06-15
9781642731118,2021-05-25
9781642731125,2021-07-20
9781642731262,2021-11-16
9781642731279,2022-01-11
9781642731286,2021-10-19
9781642731293,2021-08-17
9781642731309,2021-11-30
9781642731316,2021-09-28
9781642731361,2021-08-17
9781642731392,2022-01-11
9781642731408,2021-09-14
9781642731415,2021-11-09
9781642731422,2021-12-15
9781642731439,2022-01-15
9781642731446,2021-10-14
9781642731453,2021-12-15
9781642731620,2022-04-19
9781642731637,2022-07-26
9781642731644,2022-03-01
9781642731668,2022-04-05
9781642731675,2022-06-21
9781642731682,2022-05-03
9781642731699,2022-06-21
9781642731705,2022-07-26
9781642731712,2022-02-01
9781642731729,2022-02-15
9781642731736,2022-06-14
9781642731743,2022-03-15
9781642731750,2022-07-12
9781642731934,2023-01-10
9781642731941,2022-10-18
9781642731958,2022-12-06
9781642731965,2022-08-16
9781642731972,2022-11-16
9781642731989,2022-11-09
9781642731996,2022-11-22
9781642732016,2022-12-13
9781642732030,2022-10-13
9781642732115,2022-10-25
9781642732122,2023-01-17
9781642732139,2022-10-11
9781642732146,2022-12-20
9781642732153,2022-09-13
9781642732160,2022-04-12
9781642732306,2023-02-21
9781642732313,2023-06-27
9781642732337,2023-04-18
9781642732344,2023-04-25
9781642732351,2023-05-23
9781642732368,2023-07-25
9781642732375,2023-03-21
9781642732382,2023-03-28
9781642732399,2023-06-15
9781642732405,2023-02-07
9781642732412,2023-02-14
9781642732429,2023-06-13
9781642732443,2023-05-30
9781642732450,2023-05-09
9781642732504,2023-07-11
9781642732528,2023-04-11
9781642732825,2024-01-02
9781642732832,2023-08-08
9781642732849,2023-09-19
9781642732856,2023-10-03
9781642732870,2023-12-05
9781642732887,2024-01-09
9781642732894,2023-11-21
9781642732900,2023-12-19
9781642732917,2023-11-28
9781642732924,2023-09-05
9781642732948,2023-09-12
9781642732955,2023-11-07
9781642732962,2023-09-26
9781642732979,2023-10-10
9781642732986,2023-11-14
9781642732993,2023-10-17
9781642733006,2023-12-26
9781642733013,2024-01-23
9781642733020,2023-08-15
9781642733037,2024-01-16
9781642733242,2024-04-09
9781642733280,2024-06-25
9781642733297,2024-06-18
9781642733303,2024-05-14
9781642733310,2024-06-11
9781642733334,2024-04-02
9781642733341,2024-06-04
9781642733358,2024-07-02
9781642733365,2024-02-24
9781642733372,2024-03-26
9781642733396,2024-02-06
9781642733402,2024-07-16
9781642733419,2024-03-19
9781642733426,2024-02-27
9781642733433,2024-03-12
9781642733440,2024-05-28
9781642733457,2024-04-23
9781642733464,2024-03-05
9781642733471,2024-05-21
9781642733501,2024-04-16
9781642733808,2024-09-10
9781642733815,2025-01-21
9781642733822,2024-09-17
9781642733839,2024-10-08
9781642733853,2024-12-17
9781642733877,2024-12-03
9781642733884,2024-08-20
9781642733891,2024-10-29
9781642733907,2025-01-28
9781642733914,2025-01-07
9781642733921,2024-11-12
9781642733938,2024-08-27
9781642733945,2024-10-22
9781642733952,2024-08-13
9781642733969,2024-10-15
9781642733976,2024-09-24
9781642733983,2024-11-19
9781642733990,2024-11-26
9781642734003,2024-08-06
9781642734010,2024-12-10
9781642734072,2024-09-24
9781642734089,2024-11-05
9781642734300,2025-03-04
9781642734355,2025-06-17
9781642734386,2025-05-27
9781642734393,2025-07-08
9781642734409,2025-02-18
9781642734416,2025-07-29
9781642734423,2025-04-15
9781642734430,2025-07-15
9781642734447,2025-05-13
9781642734454,2025-06-03
9781642734461,2025-05-06
9781642734478,2025-06-10
9781642734485,2025-02-11
9781642734492,2025-04-01
9781642734508,2025-02-25
9781642734515,2025-03-11
9781642734522,2025-06-24
9781642734539,2025-07-22
9781642734546,2025-03-25
9781642734553,2025-05-20
9781642734560,2025-02-04
9781642734577,2025-04-22
9781642734638,2025-04-28
9781642734850,2025-08-28
9781642734867,2026-02-24
9781642734874,2025-11-18
9781642734881,2025-08-07
9781642734898,2025-11-25
9781642734904,2025-08-14
9781642734911,2025-09-02
9781642734928,2025-11-11
9781642734935,2025-10-28
9781642734942,2025-12-09
9781642734959,2025-10-07
9781642734980,2026-05-19
9781642734997,2026-01-13
9781642735000,2026-01-06
9781642735017,2025-09-09
9781642735024,2025-08-21
9781642735031,2025-10-14
9781642735048,2026-03-17
9781642735055,2025-11-04
9781642735062,2025-10-21
9781642735079,2025-09-23
9781642735390,2026-04-28
9781642735406,2026-05-26
9781642735413,2026-07-14
9781642735420,2026-02-17
9781642735444,2026-05-12
9781642735451,2026-03-10
9781642735468,2026-06-09
9781642735475,2026-04-14
9781642735482,2026-06-23
9781642735505,2026-06-16
9781642735529,2026-07-21
9781684970186,2022-07-27
9781684970360,2022-08-17
9781684970766,2022-09-14
9781684970902,2022-11-16
9781684970971,2023-01-18
9781684971060,2023-02-15
9781684971077,2023-02-15
9781684971084,2023-04-12
9781684971091,2023-04-12
9781684971312,2023-06-14
9781684971374,2023-06-14
9781684971381,2023-05-17
9781684971701,2023-07-12
9781684971732,2023-08-16
9781684971749,2023-08-16
9781684971756,2023-09-13
9781684971848,2023-10-18
9781684971855,2023-10-18
9781684971862,2023-11-08
9781684971909,2023-12-06
9781684972036,2023-11-08
9781684972043,2023-11-08
9781684972067,2023-12-06
9781684972074,2023-12-06
9781684972197,2023-11-15
9781684972203,2024-02-14
9781684972258,2026-12-15
9781684972319,2024-01-31
9781684972326,2024-03-13
9781684972333,2024-03-13
9781684972340,2024-03-13
9781684972388,2024-04-10
9781684972623,2026-11-24
9781684972630,2026-07-14
9781684972715,2026-10-13
9781684972722,2026-12-15
9781684972739,2026-04-07
9781684972746,2026-07-14
9781684972753,2026-04-07
9781684972784,2026-04-07
9781684973132,2026-03-17
9781684973224,2026-12-15
9781684973231,2026-12-15
9781684973248,2026-07-14
9781684973293,2026-09-01
9781684973309,2026-09-22
9781684973316,2026-07-14
9781684973934,2026-05-26
9781684974306,2026-11-03
9781684974504,2026-11-17
9781684974511,2027-01-05
9781684975020,2027-03-16
9781684975167,2026-09-29
9781684975174,2027-03-02
9781772940084,2017-03-28
9781772940091,2017-10-17
9781772940367,2017-06-20
9781772940480,2017-11-07
9781772940640,2018-11-20
9781772940671,2018-09-18
9781772940688,2018-12-11
9781772940695,2019-04-16
9781772940763,2018-12-11
9781772940794,2018-12-11
9781772940824,2019-10-15
9781772940831,2018-11-20
9781772940855,2018-11-20
9781772940862,2018-12-04
9781772940886,2019-01-22
9781772940893,2019-06-04
9781772940947,2019-05-21
9781772940978,2021-08-24
9781772941029,2019-09-17
9781772941067,2019-09-17
9781772941074,2019-10-22
9781772941081,2019-11-26
9781772941098,2020-02-25
9781772941104,2020-06-30
9781772941135,2019-10-22
9781772941159,2020-02-11
9781772941210,2020-02-18
9781772941241,2020-06-16
9781772941302,2020-07-21
9781772941326,2020-06-23
9781772941333,2020-09-22
9781772941357,2020-10-06
9781772942187,2022-07-12
9781926778785,2013-09-10
9781927925577,2016-02-23
9781927925669,2016-02-23
9781927925676,2015-11-10
9781927925799,2016-07-12
9781927925829,2016-12-06
9781927925850,2016-09-20
9781927925867,2017-01-31
9781927925874,2017-03-07
9781927925881,2017-06-27
9781927925898,2017-06-27
9781927925904,2017-08-01
9781927925935,2020-01-21
9781927925942,2020-08-04
9781927925959,2020-08-18
9781927925966,2021-04-06
9781935548386,2013-11-15
9781935548454,2014-05-13
9781935548522,2016-12-20
9781935548539,2016-09-20
9781935548546,2016-10-18
9781935548577,2014-11-18
9781935548706,2015-11-17
9781935548874,2015-03-17
9781935548898,2016-04-19
9781935548904,2016-05-17
9781935548942,2016-07-19
9781944937102,2017-05-16
9781944937270,2017-04-18
9781944937287,2017-07-18
9781944937294,2017-10-24
9781944937300,2017-08-15
9781944937416,2018-02-13
9781944937447,2018-03-13
9781944937454,2018-04-17
9781944937478,2018-05-15
9781944937973,2018-08-01
9781950912070,2020-06-03
9781950912087,2020-08-19
9781950912094,2020-09-16
9781950912100,2020-10-28
9781950912117,2020-11-11
9781950912124,2021-02-10
9781950912247,2021-06-30
9781950912377,2021-08-18
9781950912414,2021-09-29
9781950912537,2022-01-12
9781950912551,2022-02-23
9781950912568,2022-02-23
